LEADIN,Y,0.003,0.002,3,4.27,584.99,699.59,1162.36,1587.05,4.31,1,80,Small Rutting,Small Rutting,17.8,53.71785592,-2.56060898,173.1,FALSE
LEADIN,Y,0.008,0.007,1.42,4.41,413.34,1237.43,306.49,2743.2,4.44,1,90,Small Rutting,Small Rutting,21.7,53.71789703,-2.56059787,172.9,FALSE
LEADIN,Y,0.013,0.012,2.02,2.6,654.11,611.97,693.14,883.1,2.77,1,70,Small Rutting,Small Rutting,25.3,53.71794075,-2.56058166,172.7,FALSE
LEADIN,Y,0.018,0.017,1.26,6.34,478.49,1054.13,337.17,3550.75,6.34,1,100,Small Rutting,Large Radius,29.8,53.7179844,-2.56056205,172.5,FALSE
LEADIN,Y,0.023,0.022,5.72,2.6,682.96,1180.03,1959.48,1558.87,5.72,2,100,Short Radius - Single Rut,Small Rutting,34,53.71802785,-2.56053799,172.3,FALSE
LEADIN,Y,0.028,0.027,2.76,2.29,734.58,959.17,1120.54,1196.8,2.95,2,60,Small Rutting,Small Rutting,37.8,53.71807003,-2.56050743,172.2,FALSE
LEADIN,Y,0.033,0.032,1.88,2.7,758.48,738.18,812.85,1119.24,2.79,1,90,Small Rutting,Small Rutting,39.8,53.71811095,-2.56047369,171.9,FALSE
LEADIN,Y,0.038,0.037,2.85,4.13,1124.35,1150.24,1531.35,2762.81,4.21,1,90,Small Rutting,Small Rutting,40.3,53.71815122,-2.56043949,171.7,FALSE
LEADIN,Y,0.043,0.042,9.58,3.92,1861.02,1210.96,10202.89,2443.48,9.58,2,100,Large Radius,Small Rutting,41.4,53.71819101,-2.56040444,171.4,FALSE
LEADIN,Y,0.048,0.047,4.93,3.08,1752.52,1049.53,4980.61,1949.82,4.93,2,100,Small Rutting,Small Rutting,42.6,53.71823061,-2.56036929,171.2,FALSE
LEADIN,Y,0.053,0.052,5.18,2.63,1838.04,949.65,4877.69,1350.26,5.18,2,100,Large Radius,Small Rutting,43.5,53.71827009,-2.5603339,171,FALSE
LEADIN,Y,0.058,0.057,2.6,2.79,1445.59,903.76,1894.98,1183.05,2.99,1,70,Small Rutting,Small Rutting,44.7,53.71830933,-2.56029781,170.7,FALSE
LEADIN,Y,0.063,0.062,3.21,3.12,1816.28,1051.18,2961.35,1794.49,3.37,2,60,Small Rutting,Small Rutting,45.4,53.71834831,-2.56026058,170.5,FALSE
LEADIN,Y,0.068,0.067,2.97,3.78,1528.48,1244.55,2714.89,2881.99,3.81,1,80,Small Rutting,Small Rutting,46.4,53.71838746,-2.5602246,170.3,FALSE
LEADIN,Y,0.073,0.072,3.57,3.47,1303.6,1201.58,2230.52,2199.46,3.86,1,50,Small Rutting,Small Rutting,47,53.71842647,-2.56018841,170,FALSE
LEADIN,Y,0.078,0.077,6.22,5.26,1428.02,1293.98,3577.36,3626.31,6.32,2,80,Large Radius,Large Radius,47.7,53.71846547,-2.56015227,169.8,FALSE
LEADIN,Y,0.083,0.082,4.07,2.04,1490.72,918.36,3149.55,1011.64,4.07,2,100,Small Rutting,Small Rutting,48.4,53.71850476,-2.56011665,169.5,FALSE
LEADIN,Y,0.088,0.087,3.11,2.26,1351.08,935.6,2291.14,1078.32,3.14,2,80,Small Rutting,Small Rutting,48.9,53.71854407,-2.56008003,169.2,FALSE
LEADIN,Y,0.093,0.092,1.5,2.48,689.75,831.99,648.55,1193.14,2.49,1,90,Small Rutting,Small Rutting,49.5,53.71858318,-2.56004384,169,FALSE
LEADIN,Y,0.098,0.097,4.31,2.47,1112.92,971.94,2939.85,1377.3,4.31,2,100,Small Rutting,Small Rutting,49.9,53.71862231,-2.56000779,168.7,FALSE
LEADIN,Y,0.103,0.102,2.4,3.08,834.35,540.77,1154.9,895.43,3.41,1,80,Small Rutting,Small Rutting,50.4,53.71866139,-2.55997079,168.4,FALSE
LEADIN,Y,0.108,0.107,9.53,3.39,1143.29,860.04,6061.81,1691.69,9.53,2,100,Short Radius - Single Rut,Small Rutting,50.7,53.7187004,-2.55993335,168.1,FALSE
LEADIN,Y,0.113,0.112,7.41,4.27,1061.71,1763.67,5113.33,4432.43,7.41,2,100,Large Radius,Small Rutting,51.2,53.71873921,-2.55989599,167.8,FALSE
LEADIN,Y,0.118,0.117,7.71,7.09,1089.47,1613.63,5469.37,6260.37,7.92,2,60,Large Radius,Large Radius,51.1,53.71877804,-2.55985908,167.6,FALSE
LEADIN,Y,0.123,0.122,8.82,5.53,955.21,1083.24,4286.61,2886.79,8.9,2,90,Large Radius,Large Radius,51.1,53.71881657,-2.55982117,167.4,FALSE
LEADIN,Y,0.128,0.127,7.48,1.58,1018.99,714.26,3926.59,606.45,7.48,2,100,Short Radius - Single Rut,Small Rutting,51.1,53.71885522,-2.55978401,167.2,FALSE
LEADIN,Y,0.133,0.132,6.44,1.85,956.2,400.55,3281.93,395.12,6.44,2,100,Large Radius,Small Rutting,51.1,53.71889356,-2.55974598,167.1,FALSE
LEADIN,Y,0.138,0.137,4.41,1.53,591.19,437.36,1331.69,363.09,4.5,2,90,Small Rutting,Small Rutting,51.2,53.71893192,-2.55970681,166.9,FALSE
LEADIN,Y,0.143,0.142,8.86,2.11,1028.21,432.66,4422.74,460.03,8.86,2,100,Short Radius - Single Rut,Small Rutting,51.8,53.71896902,-2.55966126,166.7,FALSE
LEADIN,Y,0.148,0.147,5.43,2.47,884.02,452.89,2325.65,583.51,5.43,2,100,Small Rutting,Small Rutting,52.4,53.71900535,-2.55961712,166.4,FALSE
LEADIN,Y,0.153,0.152,6.87,1.23,1083.07,490.83,3387.55,334.96,6.87,2,100,Short Radius - Single Rut,Small Rutting,52.8,53.71904128,-2.55957304,166,FALSE
LEADIN,Y,0.158,0.157,6.64,3.34,735.24,770.67,2559.64,1123.82,6.64,2,90,Short Radius - Single Rut,Small Rutting,53.5,53.71907709,-2.55952701,165.7,FALSE
LEADIN,Y,0.163,0.162,6.7,3.17,1107.72,738.73,3566.87,1249.06,6.7,2,100,Short Radius - Single Rut,Small Rutting,54.1,53.71911303,-2.55948058,165.4,FALSE
LEADIN,Y,0.168,0.167,4.06,1.29,655.61,485.25,1231.39,335.34,4.15,2,80,Small Rutting,Small Rutting,54.4,53.71914859,-2.55943376,165,FALSE
LEADIN,Y,0.173,0.172,4.53,1.81,877.69,496.39,2047.26,423.44,4.53,2,100,Small Rutting,Small Rutting,54.9,53.71918363,-2.55938575,164.6,FALSE
LEADIN,Y,0.178,0.177,9.49,2.16,1151.09,605.85,5350.17,746.04,9.49,2,100,Short Radius - Single Rut,Small Rutting,55.1,53.71921789,-2.5593357,164.3,FALSE
LEADIN,Y,0.183,0.182,2.49,1.45,500.67,454.2,645.2,330.19,2.51,2,90,Small Rutting,Small Rutting,55.2,53.71925173,-2.5592847,164,FALSE
LEADIN,Y,0.188,0.187,7.15,1.28,856.4,442.27,2279.8,315.36,7.15,2,100,Short Radius - Single Rut,Small Rutting,55.4,53.71928503,-2.55923285,163.7,FALSE
LEADIN,Y,0.193,0.192,5.23,1.3,941,529.36,2698.02,375.04,5.23,2,100,Short Radius - Single Rut,Small Rutting,55.6,53.7193187,-2.55918179,163.4,FALSE
LEADIN,Y,0.198,0.197,4.34,1.3,958.6,533.78,2440.31,371.09,4.34,2,100,Small Rutting,Small Rutting,55.8,53.71934966,-2.5591256,163.1,FALSE
LEADIN,Y,0.203,0.202,6.03,1.6,1017.2,533.81,3193.91,436.09,6.03,2,100,Large Radius,Small Rutting,55.9,53.71938071,-2.55906961,162.8,FALSE
LEADIN,Y,0.208,0.207,6.42,1.7,945.2,692.15,3584.89,637.77,6.42,2,100,Short Radius - Single Rut,Small Rutting,56,53.71941022,-2.55901312,162.5,FALSE
LEADIN,Y,0.213,0.212,7.42,1.4,918.68,535.1,3648.37,437.1,7.42,2,100,Large Radius,Small Rutting,56.2,53.71944022,-2.5589572,162.3,FALSE
LEADIN,Y,0.218,0.217,4.07,1.41,802.96,609.16,1822.36,472.08,4.07,2,100,Small Rutting,Small Rutting,56.6,53.71946857,-2.55890003,162,FALSE
LEADIN,Y,0.223,0.222,7.22,1.33,822.29,564.04,2749.64,384.31,7.22,2,100,Large Radius,Small Rutting,56.8,53.71949781,-2.5588432,161.7,FALSE
LEADIN,Y,0.228,0.227,1.78,2.08,727.66,741.19,737.27,913.77,2.26,1,70,Small Rutting,Small Rutting,56.7,53.71952665,-2.55878494,161.5,FALSE
LEADIN,Y,0.233,0.232,7.51,2.82,950.12,904.03,3987.9,1424.23,7.51,2,100,Short Radius - Single Rut,Small Rutting,56.8,53.71955516,-2.5587245,161.2,FALSE
LEADIN,Y,0.238,0.237,4.54,1.49,1012.74,557.64,2315.32,437.22,4.54,2,100,Small Rutting,Small Rutting,56.8,53.71958305,-2.5586655,161.1,FALSE
LEADIN,Y,0.243,0.242,4.1,1.68,810.16,501.61,1586.62,440.7,4.1,2,100,Small Rutting,Small Rutting,57.1,53.71961009,-2.55860485,161,FALSE
LEADIN,Y,0.248,0.247,3.92,1.51,876.19,740.95,1807.46,603.96,3.92,2,100,Small Rutting,Small Rutting,57.2,53.71963692,-2.55854399,161,FALSE
LEADIN,Y,0.253,0.252,7.35,2.13,955.35,1355.74,3392.92,1567.33,7.35,2,100,Short Radius - Single Rut,Small Rutting,57.4,53.71966315,-2.55848204,161,FALSE
LEADIN,Y,0.258,0.257,5.41,3.61,1029.92,1202.31,3128.73,2397.97,5.44,2,90,Small Rutting,Small Rutting,57.5,53.71968879,-2.5584201,161,FALSE
LEADIN,Y,0.263,0.262,6.35,2.94,1094.61,878.95,3614.23,1348.18,6.35,2,100,Short Radius - Single Rut,Small Rutting,57.5,53.71971402,-2.55835753,161,FALSE
LEADIN,Y,0.268,0.267,6.26,2.71,1116.63,956.21,3924.93,1294.72,6.29,2,90,Short Radius - Single Rut,Small Rutting,57.4,53.71973888,-2.5582945,161,FALSE
LEADIN,Y,0.273,0.272,6.49,2.42,1080.99,872.69,3894.23,1109.55,6.49,2,100,Large Radius,Small Rutting,57.4,53.7197635,-2.55823105,161,FALSE
LEADIN,Y,0.278,0.277,3.97,1.59,924.77,673.9,1932,587.6,3.97,2,100,Small Rutting,Small Rutting,57.2,53.7197877,-2.55816704,161.1,FALSE
LEADIN,Y,0.283,0.282,4.53,1.92,958.09,528.11,2229.05,544.82,4.53,2,100,Small Rutting,Small Rutting,57.4,53.71981146,-2.55810258,161.1,FALSE
LEADIN,Y,0.288,0.287,3.69,1.75,803.48,510.5,1550.42,472.59,3.69,2,100,Small Rutting,Small Rutting,57.6,53.71983468,-2.5580378,161.2,FALSE
LEADIN,Y,0.293,0.292,4.35,2.48,642.46,821.32,1152.52,1159.34,4.36,2,90,Small Rutting,Small Rutting,57.5,53.71985792,-2.55797343,161.4,FALSE
LEADIN,Y,0.298,0.297,2.4,1.29,952.36,411.03,1326.47,289.94,2.43,2,90,Small Rutting,Small Rutting,57.5,53.71988121,-2.55790901,161.5,FALSE
LEADIN,Y,0.303,0.302,2.67,1.7,976.81,820.03,1408.89,816.37,2.7,2,90,Small Rutting,Small Rutting,57.6,53.71990417,-2.55784408,161.7,FALSE
LEADIN,Y,0.308,0.307,2.75,2.32,886.02,847.5,1240.65,1158.6,2.98,1,60,Small Rutting,Small Rutting,57.6,53.71992709,-2.55777916,161.9,FALSE
LEADIN,Y,0.313,0.312,4.05,2.66,1151.49,441.12,2690.74,733.01,4.14,2,70,Small Rutting,Small Rutting,57.3,53.71995002,-2.55771423,162.1,FALSE
LEADIN,Y,0.318,0.317,3.16,2.53,1007.07,911.24,1764.16,1325.82,3.31,2,80,Small Rutting,Small Rutting,57.2,53.71997296,-2.55764929,162.2,FALSE
LEADIN,Y,0.323,0.322,4.2,2.89,1213.73,992.24,2524.72,1700.69,4.38,2,90,Small Rutting,Small Rutting,56.8,53.71999588,-2.55758436,162.4,FALSE
LEADIN,Y,0.328,0.327,5.29,1.87,1140.01,899.64,2655.82,986.01,5.29,2,100,Short Radius - Single Rut,Small Rutting,56.7,53.72001879,-2.55751936,162.5,FALSE
LEADIN,Y,0.333,0.332,4.38,3.8,970.26,911.88,2249.02,1992.57,4.39,2,90,Small Rutting,Small Rutting,56.4,53.72004157,-2.55745405,162.7,FALSE
LEADIN,Y,0.338,0.337,3.76,3.23,1223.69,919.8,2109.02,1655.89,3.95,2,70,Small Rutting,Small Rutting,56.4,53.72006434,-2.55738873,162.8,FALSE
LEADIN,Y,0.343,0.342,3.57,4.77,939.75,1068.5,1616.46,2689.13,5.18,1,70,Small Rutting,Small Rutting,56.4,53.72008677,-2.55732313,162.9,FALSE
LEADIN,Y,0.348,0.347,7.53,3.15,1271.49,910.92,4769.52,1612.59,7.53,2,100,Short Radius - Single Rut,Small Rutting,56.2,53.72010917,-2.55725752,163,FALSE
LEADIN,Y,0.353,0.352,4.69,2.97,1077.19,917.44,2302.4,1560.87,4.69,2,100,Small Rutting,Small Rutting,56,53.72013193,-2.55719241,163.2,FALSE
LEADIN,Y,0.358,0.357,5.19,3.17,1159.88,1054.12,3669.39,1835.86,5.2,2,90,Small Rutting,Small Rutting,55.8,53.72015484,-2.55712754,163.3,FALSE
LEADIN,Y,0.363,0.362,5.95,2.83,1233.53,1002.57,4448.74,1591.86,5.95,2,100,Large Radius,Small Rutting,55.3,53.72017775,-2.55706267,163.5,FALSE
LEADIN,Y,0.368,0.367,6.49,2.24,1175.98,872.6,4397.77,1115.27,6.49,2,100,Large Radius,Small Rutting,55,53.72020066,-2.55699778,163.6,FALSE
LEADIN,Y,0.373,0.372,4.24,1.57,1107.06,505.4,2884.49,435.39,4.24,2,100,Small Rutting,Small Rutting,54.5,53.72022352,-2.55693266,163.8,FALSE
LEADIN,Y,0.378,0.377,3.4,1.85,982.08,795.55,1857.13,832.59,3.4,2,100,Small Rutting,Small Rutting,54,53.72024622,-2.55686726,163.9,FALSE
LEADIN,Y,0.383,0.382,2.89,2.38,1150.75,879.03,1726.95,1199.2,2.93,2,90,Small Rutting,Small Rutting,53.8,53.72026876,-2.55680164,164.1,FALSE
LEADIN,Y,0.388,0.387,2.85,1.95,908.94,820.13,1437.21,994.87,2.86,2,90,Small Rutting,Small Rutting,53.4,53.72029103,-2.55673569,164.2,FALSE
LEADIN,Y,0.393,0.392,4.06,2.28,1113.36,835.47,2805.19,960.79,4.06,2,100,Small Rutting,Small Rutting,53,53.72031326,-2.55666971,164.4,FALSE
LEADIN,Y,0.398,0.397,2.23,2.09,907.51,673.4,1191.03,622.92,2.56,1,60,Small Rutting,Small Rutting,52.3,53.7203355,-2.55660374,164.5,FALSE
LEADIN,Y,0.403,0.402,3.8,1.8,912.26,755.32,1946.78,762.96,3.8,2,100,Small Rutting,Small Rutting,51.5,53.72035774,-2.55653775,164.7,FALSE
LEADIN,Y,0.408,0.407,2.64,1.49,967.09,444.94,1567.14,375.39,2.72,2,90,Small Rutting,Small Rutting,50.3,53.72037997,-2.55647178,164.8,FALSE
LEADIN,Y,0.413,0.412,5.11,2.4,963.48,882.28,2479.72,1111.88,5.11,2,100,Small Rutting,Small Rutting,49.1,53.7204022,-2.5564058,164.9,FALSE
LEADIN,Y,0.418,0.417,4.68,2.57,1020.24,932.97,2637.22,1251.15,4.68,2,100,Small Rutting,Small Rutting,47.8,53.72042444,-2.55633966,165.1,FALSE
LEADIN,Y,0.423,0.422,3.25,3.3,949.21,949,2014.62,1533.42,3.63,1,60,Small Rutting,Small Rutting,46.5,53.72044664,-2.55627307,165.2,FALSE
LEADIN,Y,0.428,0.427,8.78,2.3,1231.84,851.99,6246.22,1114.06,8.78,2,100,Large Radius,Small Rutting,45,53.72046864,-2.55620647,165.3,FALSE
LEADIN,Y,0.433,0.432,4.31,2.02,1126.69,823.19,2606.13,984.17,4.33,2,90,Small Rutting,Small Rutting,43.5,53.72049075,-2.5561402,165.5,FALSE
LEADIN,Y,0.438,0.437,5.44,2.62,1185.76,999.04,3680.06,1477.44,5.44,2,100,Small Rutting,Small Rutting,41.7,53.72051294,-2.55607415,165.6,FALSE
LEADIN,Y,0.443,0.442,5.64,2.83,992.21,1014.76,2590.92,1455.01,5.64,2,100,Short Radius - Single Rut,Small Rutting,39.8,53.72053464,-2.55600731,165.7,FALSE
LEADIN,Y,0.448,0.447,5.88,1.44,1186.95,817.92,3530.9,738.18,5.88,2,100,Short Radius - Single Rut,Small Rutting,37.7,53.72055679,-2.55594128,165.8,FALSE
LEADIN,Y,0.453,0.452,5.56,2.78,1249.51,954.27,4100.96,1412.1,5.56,2,90,Large Radius,Small Rutting,35.7,53.72057894,-2.55587526,165.9,FALSE
LEADIN,Y,0.458,0.457,6.28,3.34,1268.94,1052.19,4919.52,2013.36,6.28,2,100,Large Radius,Small Rutting,34.6,53.7206011,-2.55580924,166.1,FALSE
LEADIN,Y,0.463,0.462,7.33,1.9,1268.85,453.69,5801.74,469.6,7.33,2,100,Large Radius,Small Rutting,33.8,53.72062348,-2.55574353,166.2,FALSE
LEADIN,Y,0.468,0.467,4.01,5.4,991.47,1118.18,2143.73,3362.4,5.5,1,90,Small Rutting,Large Radius,33.1,53.72064622,-2.55567831,166.3,FALSE
LEADIN,Y,0.473,0.472,5.32,7.28,1204.55,1157.57,4175.68,4680.76,7.28,1,100,Large Radius,Large Radius,32.3,53.72066926,-2.55561339,166.4,FALSE
LEADIN,Y,0.478,0.477,4,8.44,953.19,1339.89,2057.84,6019.74,8.44,1,100,Small Rutting,Large Radius,30.9,53.72069272,-2.55554894,166.5,FALSE
LEADIN,Y,0.483,0.482,4.08,10.92,868.61,1333.83,1699.09,7027.49,10.92,1,100,Small Rutting,Large Radius,30.6,53.72071722,-2.55548597,166.7,FALSE
LEADIN,Y,0.488,0.487,9.29,12.42,1204.42,1235.02,6508.99,8242.22,12.42,1,100,Large Radius,Large Radius,30.9,53.72074266,-2.55542436,166.8,FALSE
LEADIN,Y,0.493,0.492,4.26,7.18,680.75,1273.93,1524.38,4601.49,7.18,1,100,Small Rutting,Large Radius,31.4,53.72076938,-2.55536506,166.9,FALSE
LEADIN,Y,0.498,0.497,6.44,6.2,1133.75,1026.88,3553.71,3402.94,6.93,2,70,Large Radius,Large Radius,32.1,53.72079716,-2.55530708,167,FALSE
LEADIN,Y,0.503,0.502,8.08,6.61,1185.21,1284.51,4092.28,4421.08,8.08,2,100,Large Radius,Large Radius,32.6,53.72082594,-2.55525098,167.1,FALSE
LEADIN,Y,0.508,0.507,6.06,4.41,1363.91,989.37,4439.67,2398.49,6.31,2,70,Large Radius,Small Rutting,33.1,53.72085595,-2.55519698,167.2,FALSE
LEADIN,Y,0.513,0.512,9.08,7.46,864.79,1093.74,4618.55,4854.3,9.23,2,70,Large Radius,Large Radius,33.3,53.72088757,-2.55514601,167.2,FALSE
LEADIN,Y,0.518,0.517,18.2,8.81,1572.2,1328.96,15070.65,6758.49,18.2,2,100,Large Radius,Large Radius,33.3,53.72092085,-2.55509763,167.3,FALSE
LEADIN,Y,0.523,0.522,10.51,6.75,968.42,1396.06,5988.1,5173.39,10.86,2,80,Large Radius,Large Radius,33.3,53.72095539,-2.555052,167.4,FALSE
LEADIN,Y,0.528,0.527,4.49,6.56,823.01,1334.26,2204.89,5073.92,6.56,1,100,Small Rutting,Large Radius,33.1,53.7209912,-2.55500832,167.5,FALSE
LEADIN,Y,0.533,0.532,3.44,13.02,583.89,1346.2,1119.65,8964.38,13.02,1,100,Small Rutting,Large Radius,32.5,53.72102817,-2.5549671,167.6,FALSE
LEADIN,Y,0.538,0.537,1.98,11.25,506.15,1818.83,510.81,9461.18,11.25,1,100,Small Rutting,Large Radius,31.2,53.72106579,-2.55492588,167.6,FALSE
LEADIN,Y,0.543,0.542,2.19,17.29,819.46,1277.3,1003.55,8111.84,17.29,1,100,Small Rutting,Short Radius - Single Rut,30,53.72110294,-2.55488074,167.6,FALSE
LEADIN,Y,0.548,0.547,3.6,4.3,1305.93,1129.17,2793.17,2249.15,4.42,1,50,Small Rutting,Small Rutting,28.6,53.72113774,-2.55482889,167.6,FALSE
LEADIN,Y,0.553,0.552,10.2,3.25,1370.53,677.95,7273.69,1155.13,10.2,2,100,Large Radius,Small Rutting,28.5,53.7211681,-2.55476646,167.5,FALSE
LEADIN,Y,0.558,0.557,4.06,3.12,826.12,603.16,1268.86,777.66,4.43,2,90,Small Rutting,Small Rutting,29.1,53.72118951,-2.55469313,167.4,FALSE
LEADIN,Y,0.563,0.562,3.53,5.88,1211.12,913.54,2065.52,2605.86,6.29,1,60,Small Rutting,Small Rutting,30.3,53.72120156,-2.55461373,167.2,FALSE
LEADIN,Y,0.568,0.567,6.06,3.32,1062.54,1000.37,1979.72,1545.83,6.32,2,70,Short Radius - Single Rut,Small Rutting,31.5,53.72120445,-2.55453325,167,FALSE
LEADIN,Y,0.573,0.572,9.18,1.13,1681.32,497.28,6327.36,315.23,9.18,2,100,Large Radius,Small Rutting,32.7,53.72120266,-2.55445485,166.9,FALSE
LEADIN,Y,0.578,0.577,2.68,18.31,1375.93,1404.27,2089.91,12597.74,18.31,1,100,Small Rutting,Large Radius,33.5,53.72119834,-2.55437823,166.7,FALSE
LEADIN,Y,0.583,0.582,3.45,3.81,1754.51,1360.78,3530.52,3334.8,3.85,1,70,Small Rutting,Small Rutting,33.9,53.72119401,-2.55430306,166.5,FALSE
LEADIN,Y,0.588,0.587,2.41,6.42,1300.6,1422.73,1788.06,4982.94,6.42,1,100,Small Rutting,Large Radius,33.9,53.72118997,-2.55422807,166.4,FALSE
LEADIN,Y,0.593,0.592,3.81,6.26,1442.41,1432.86,3269.69,4690.29,6.26,1,100,Small Rutting,Large Radius,33.4,53.72118625,-2.55415303,166.2,FALSE
LEADIN,Y,0.598,0.597,2.4,5.58,563.63,1423.8,665.02,4407.24,5.58,1,100,Small Rutting,Small Rutting,33.1,53.7211827,-2.55407798,166.1,FALSE
LEADIN,Y,0.603,0.602,2.44,7.69,659.4,1560.47,908.63,6765.23,7.69,1,100,Small Rutting,Large Radius,33.1,53.72117977,-2.5540029,165.9,FALSE
LEADIN,Y,0.608,0.607,4.02,10.04,1184.91,1491.47,2964.28,7547.23,10.04,1,100,Small Rutting,Large Radius,33.6,53.72117714,-2.55392787,165.8,FALSE
LEADIN,Y,0.613,0.612,5.1,6.82,1199.77,1433.07,3794.6,4539.68,6.82,1,100,Large Radius,Large Radius,34.4,53.72117527,-2.55385301,165.6,FALSE
LEADIN,Y,0.618,0.617,3.27,4.97,1183.65,1158.27,2317.94,3437.59,4.97,1,100,Small Rutting,Small Rutting,35.1,53.72117403,-2.55377846,165.5,FALSE
LEADIN,Y,0.623,0.622,2.38,4.3,1121.96,1424.01,1770.9,3085.36,4.3,1,100,Small Rutting,Small Rutting,35.8,53.72117336,-2.55370373,165.3,FALSE
LEADIN,Y,0.628,0.627,3.76,2.18,1853.73,557.41,3896.95,782.57,3.92,2,80,Small Rutting,Small Rutting,36.4,53.72117332,-2.55362904,165.1,FALSE
LEADIN,Y,0.633,0.632,3.88,5.27,1446.55,1152.74,3517.08,3381.89,5.27,1,100,Small Rutting,Large Radius,36.9,53.72117399,-2.55355434,165,FALSE
LEADIN,Y,0.638,0.637,4.52,5.01,1810.81,1649.67,5194.68,4426.2,5.01,1,100,Small Rutting,Small Rutting,37.5,53.72117543,-2.55347971,164.8,FALSE
LEADIN,Y,0.643,0.642,3.7,4.57,1637.98,1427.89,3589.98,3120.33,4.57,1,100,Small Rutting,Small Rutting,38.2,53.72117744,-2.55340498,164.6,FALSE
LEADIN,Y,0.648,0.647,2.41,5.54,882.49,1344.52,1097.9,4313.25,5.54,1,100,Small Rutting,Large Radius,39.1,53.72118029,-2.55333058,164.5,FALSE
LEADIN,Y,0.653,0.652,2.51,6.53,1176.23,1578.59,1594.31,5098.35,6.53,1,100,Small Rutting,Large Radius,40,53.72118457,-2.55325668,164.3,FALSE
LEADIN,Y,0.658,0.657,3.28,7.74,1476.57,1426.61,2941.64,5650.25,7.74,1,100,Small Rutting,Large Radius,41.1,53.72118991,-2.55318294,164.1,FALSE
LEADIN,Y,0.663,0.662,3.45,7.14,1369.77,1509.16,2666.36,5117.96,7.14,1,100,Small Rutting,Large Radius,42.2,53.72119596,-2.5531092,163.8,FALSE
LEADIN,Y,0.668,0.667,3.65,4.56,1763.14,1400.2,3831.19,3372.66,4.74,1,70,Small Rutting,Small Rutting,43.3,53.7212025,-2.55303551,163.6,FALSE
LEADIN,Y,0.673,0.672,3.2,6.53,1777.34,1652.57,3423.38,6051.93,6.53,1,100,Small Rutting,Large Radius,44.4,53.72120936,-2.55296187,163.4,FALSE
LEADIN,Y,0.678,0.677,3.18,4.67,1474.63,1554.37,2308.56,3804.11,4.67,1,100,Small Rutting,Small Rutting,45.5,53.72121638,-2.55288823,163.2,FALSE
LEADIN,Y,0.683,0.682,3.65,3.03,1449.63,1365.36,2809.68,2148.14,3.68,2,90,Small Rutting,Small Rutting,46.4,53.72122385,-2.55281456,163,FALSE
LEADIN,Y,0.688,0.687,2.79,3.85,1218.51,1323.6,1774.35,2653.67,3.87,1,90,Small Rutting,Small Rutting,47.4,53.72123192,-2.552741,162.7,FALSE
LEADIN,Y,0.693,0.692,2.61,4.81,1561.79,1283.71,2353.92,3273.91,4.81,1,100,Small Rutting,Small Rutting,48.3,53.72124037,-2.55266767,162.5,FALSE
LEADIN,Y,0.698,0.697,2.25,3.91,1314.45,1318.86,1636.48,2783.09,3.91,1,100,Small Rutting,Small Rutting,48.9,53.72124943,-2.55259469,162.2,FALSE
LEADIN,Y,0.703,0.702,3.01,4.02,1898.96,1197.88,3492.11,2686.53,4.04,1,90,Small Rutting,Small Rutting,49.7,53.72125921,-2.5525219,162,FALSE
LEADIN,Y,0.708,0.707,2.85,4.06,1846.5,1309.49,3283.49,2857.24,4.06,1,100,Small Rutting,Small Rutting,50.4,53.72126944,-2.55244908,161.8,FALSE
LEADIN,Y,0.713,0.712,4.62,4.66,1866.27,1422.03,5286.31,3252.76,5.11,1,50,Small Rutting,Small Rutting,51.2,53.72128031,-2.55237649,161.5,FALSE
LEADIN,Y,0.718,0.717,2.95,4.66,1777.3,1414.66,3104.85,3524.46,4.66,1,100,Small Rutting,Small Rutting,51.8,53.7212918,-2.55230424,161.3,FALSE
LEADIN,Y,0.723,0.722,1.4,3.25,989.08,1553.19,794.84,2807.6,3.25,1,100,Small Rutting,Small Rutting,52.6,53.72130417,-2.55223267,161,FALSE
LEADIN,Y,0.728,0.727,4.24,4.43,1722.72,1581.58,3980.84,3502.17,4.74,1,70,Small Rutting,Small Rutting,53.1,53.72131709,-2.55216088,160.7,FALSE
LEADIN,Y,0.733,0.732,2.28,5.35,1217.34,1441.71,1543.18,4053.32,5.35,1,100,Small Rutting,Large Radius,53.4,53.72133034,-2.55208927,160.5,FALSE
LEADIN,Y,0.738,0.737,2.86,4.51,1482.21,1617.83,2222.4,3939.19,4.51,1,100,Small Rutting,Small Rutting,53.9,53.72134493,-2.55201838,160.2,FALSE
LEADIN,Y,0.743,0.742,2.33,3.4,1138.66,1034.65,1560.55,1754.46,3.67,1,70,Small Rutting,Small Rutting,53.9,53.72135998,-2.55194779,160,FALSE
LEADIN,Y,0.748,0.747,2.38,3.42,1197.83,1345.18,1571.17,2397.15,3.47,1,80,Small Rutting,Small Rutting,53.9,53.7213758,-2.55187805,159.8,FALSE
LEADIN,Y,0.753,0.752,2.61,4.6,1270.4,1497.82,1801.58,3857.99,4.61,1,90,Small Rutting,Small Rutting,53.9,53.72139254,-2.55180866,159.6,FALSE
LEADIN,Y,0.758,0.757,2.66,7.06,1373.35,1557.19,1877.15,5504.63,7.06,1,100,Small Rutting,Large Radius,53.9,53.72140971,-2.55173937,159.3,FALSE
LEADIN,Y,0.763,0.762,3.69,4.62,1483.9,1443.61,2710.59,3530.01,4.68,1,90,Small Rutting,Small Rutting,53.7,53.72142748,-2.55167044,159.1,FALSE
LEADIN,Y,0.768,0.767,2.83,5.25,1306.63,1535.57,2039.26,4258.17,5.25,1,100,Small Rutting,Short Radius - Single Rut,53.9,53.72144534,-2.55160151,158.8,FALSE
LEADIN,Y,0.773,0.772,2.04,5.71,1368.88,1456.15,1536.89,4244.73,5.71,1,100,Small Rutting,Large Radius,53.9,53.72146401,-2.55153298,158.6,FALSE
LEADIN,Y,0.778,0.777,1.46,4.15,851.74,1286.9,714.16,2711.07,4.15,1,100,Small Rutting,Small Rutting,53.8,53.72148235,-2.55146428,158.3,FALSE
LEADIN,Y,0.783,0.782,1.34,5.43,620.97,998.06,455.7,1898.78,5.43,1,100,Small Rutting,Small Rutting,53.8,53.72150094,-2.55139566,158.1,FALSE
LEADIN,Y,0.788,0.787,1.03,4.53,498.45,1406.35,271.44,3516.02,4.53,1,100,Small Rutting,Small Rutting,53.7,53.7215195,-2.55132695,157.9,FALSE
LEADIN,Y,0.793,0.792,1.15,4.24,517.68,1271.93,292.4,2979.77,4.24,1,100,Small Rutting,Small Rutting,53.6,53.72153817,-2.55125843,157.6,FALSE
LEADIN,Y,0.798,0.797,1.14,5.26,535.48,1297.83,340.22,3631.99,5.26,1,100,Small Rutting,Large Radius,53.7,53.72155694,-2.55119002,157.4,FALSE
LEADIN,Y,0.803,0.802,1.61,4.13,612.61,1274.15,597.73,2811.68,4.13,1,100,Small Rutting,Small Rutting,54,53.72157572,-2.55112161,157.1,FALSE
LEADIN,Y,0.808,0.807,1.65,3.14,669.4,1239.7,582.09,2172.39,3.2,1,90,Small Rutting,Small Rutting,54.4,53.72159449,-2.5510532,156.9,FALSE
LEADIN,Y,0.813,0.812,1.68,2.65,601.86,990.03,577.31,1497.87,2.65,1,100,Small Rutting,Small Rutting,54.7,53.72161312,-2.55098477,156.6,FALSE
LEADIN,Y,0.818,0.817,1.47,2.24,588.65,977.73,467.52,1214.85,2.36,1,80,Small Rutting,Small Rutting,54.9,53.72163162,-2.5509163,156.5,FALSE
LEADIN,Y,0.823,0.822,2.42,4.51,1003.77,1225.52,1365.74,3055.13,4.51,1,100,Small Rutting,Small Rutting,54.9,53.72165022,-2.55084783,156.2,FALSE
LEADIN,Y,0.828,0.827,1.32,3.58,625.73,1144.05,463.56,2052.73,3.58,1,100,Small Rutting,Small Rutting,54.9,53.72166825,-2.55077865,156,FALSE
LEADIN,Y,0.833,0.832,1.84,3.74,648.49,1228.45,682.8,2328.15,3.74,1,100,Small Rutting,Small Rutting,55,53.72168662,-2.55071027,155.8,FALSE
LEADIN,Y,0.838,0.837,1.28,4.59,614.45,1508.2,472.56,3964.16,4.59,1,100,Small Rutting,Small Rutting,55.1,53.72170535,-2.55064149,155.5,FALSE
LEADIN,Y,0.843,0.842,3.7,3.21,1362.23,1486.4,2431.87,2420.73,3.71,2,90,Small Rutting,Small Rutting,55.1,53.72172412,-2.55057309,155.3,FALSE
LEADIN,Y,0.848,0.847,4.18,3.75,1436.16,1472.74,3126.13,3246.18,4.27,2,70,Small Rutting,Small Rutting,54.9,53.72174238,-2.55050401,155,FALSE
LEADIN,Y,0.853,0.852,4.44,1.8,1615.1,1014.66,4180.16,970.73,4.44,2,100,Small Rutting,Small Rutting,55,53.72176091,-2.5504353,154.8,FALSE
LEADIN,Y,0.858,0.857,3.44,4.58,1298.65,1531.55,2506.49,3792.38,4.59,1,90,Small Rutting,Small Rutting,54.9,53.72177938,-2.55036659,154.5,FALSE
LEADIN,Y,0.863,0.862,4.54,3.03,1336.56,1104.91,3840.21,1891.56,4.56,2,90,Small Rutting,Small Rutting,54.8,53.72179766,-2.55029786,154.3,FALSE
LEADIN,Y,0.868,0.867,3.57,2.62,1291.39,1242.03,2729.23,1567.67,3.59,2,90,Small Rutting,Small Rutting,54.8,53.72181639,-2.55022908,154.1,FALSE
LEADIN,Y,0.873,0.872,3.89,3.16,1411.45,1422.41,2973.12,2285.71,3.94,2,80,Small Rutting,Small Rutting,54.8,53.72183487,-2.55016024,153.8,FALSE
LEADIN,Y,0.878,0.877,4.05,3.57,1561.53,1517.11,3287.95,3185.54,4.28,2,70,Small Rutting,Small Rutting,55,53.72185332,-2.55009156,153.6,FALSE
LEADIN,Y,0.883,0.882,3.74,4.97,1466.16,1755.02,3119.31,4751.24,4.97,1,100,Small Rutting,Small Rutting,55.4,53.72187178,-2.5500228,153.3,FALSE
LEADIN,Y,0.888,0.887,4.35,4.85,1421.72,1438.83,3952.52,3264.93,4.87,1,90,Small Rutting,Small Rutting,55.6,53.72188963,-2.54995392,153.1,FALSE
LEADIN,Y,0.893,0.892,3.77,4.16,1462.91,1567.44,3575.74,3251.58,4.21,1,80,Small Rutting,Small Rutting,55.6,53.72190811,-2.54988537,152.8,FALSE
LEADIN,Y,0.898,0.897,3.62,5.02,1373.67,1522.47,3127.72,3987.33,5.02,1,100,Small Rutting,Small Rutting,55.7,53.72192648,-2.54981667,152.6,FALSE
LEADIN,Y,0.903,0.902,4.83,4.23,1396.56,1757.02,3830.86,3638.98,4.97,2,80,Small Rutting,Small Rutting,55.8,53.72194502,-2.54974801,152.3,FALSE
LEADIN,Y,0.908,0.907,3.93,3.53,1446.57,1491.84,3538.98,2667.67,4.11,2,80,Small Rutting,Small Rutting,55.7,53.72196342,-2.54967923,152.1,FALSE
LEADIN,Y,0.913,0.912,4.11,3.08,1388.59,1400.83,3374.71,2302.5,4.12,2,90,Small Rutting,Small Rutting,55.6,53.72198182,-2.54961045,151.8,FALSE
LEADIN,Y,0.918,0.917,3.67,4.77,1406.66,1370.21,3421.04,3195.99,4.83,1,80,Small Rutting,Small Rutting,55.6,53.72199999,-2.54954135,151.6,FALSE
LEADIN,Y,0.923,0.922,3.58,3.79,1347.72,1396.78,2835.42,2960.86,3.91,1,70,Small Rutting,Small Rutting,55.5,53.72201801,-2.54947208,151.3,FALSE
LEADIN,Y,0.928,0.927,7.04,4.64,1346.45,1411.63,5565.51,3407.52,7.25,2,80,Large Radius,Small Rutting,55.4,53.72203579,-2.54940264,151.1,FALSE
LEADIN,Y,0.933,0.932,6.34,4.16,1446.04,1339.4,5324.41,2948.67,6.34,2,100,Large Radius,Small Rutting,55.4,53.72205387,-2.54933353,150.9,FALSE
LEADIN,Y,0.938,0.937,5.71,3.28,1470.39,1231.84,5659.68,1911.22,5.71,2,100,Large Radius,Small Rutting,55.4,53.72207159,-2.54926394,150.7,FALSE
LEADIN,Y,0.943,0.942,5.38,3.33,1509.95,1331.9,5097.93,2483.89,5.38,2,100,Large Radius,Small Rutting,55.3,53.72208896,-2.54919409,150.4,FALSE
LEADIN,Y,0.948,0.947,4.95,2.99,1438.64,1297.08,4161,2131.37,4.95,2,100,Small Rutting,Small Rutting,55.3,53.72210608,-2.54912431,150.1,FALSE
LEADIN,Y,0.953,0.952,4.84,1.69,1412.3,935.72,4199.51,865.83,4.84,2,100,Small Rutting,Small Rutting,55.1,53.7221226,-2.54905394,149.9,FALSE
LEADIN,Y,0.958,0.957,4.42,1.7,1351.82,683,3646.5,628.76,4.42,2,100,Small Rutting,Small Rutting,55,53.72213903,-2.54898354,149.7,FALSE
LEADIN,Y,0.963,0.962,4.57,2.54,1331.99,1185.81,3910.02,1437.01,4.57,2,100,Small Rutting,Small Rutting,54.9,53.72215471,-2.54891326,149.5,FALSE
LEADIN,Y,0.968,0.967,4.31,2.57,1315.07,1139.86,3279.92,1528.93,4.47,2,90,Small Rutting,Small Rutting,54.8,53.72217048,-2.54884305,149.3,FALSE
LEADIN,Y,0.973,0.972,4.91,2.68,1346.13,1134.77,3135.74,1684.68,4.91,2,100,Small Rutting,Small Rutting,54.8,53.72218665,-2.5487728,149,FALSE
LEADIN,Y,0.978,0.977,4.71,2.4,1131.14,1091.39,2349.84,1378.98,4.71,2,100,Small Rutting,Small Rutting,54.8,53.7222013,-2.54870142,148.7,FALSE
LEADIN,Y,0.983,0.982,3.98,1.68,1271.26,697.74,2292.14,591.95,3.98,2,100,Small Rutting,Small Rutting,54.6,53.72221623,-2.54863101,148.4,FALSE
LEADIN,Y,0.988,0.987,4.36,1.52,1246.67,714.53,2622.83,636.6,4.36,2,100,Small Rutting,Small Rutting,54.4,53.72223114,-2.54856028,148.1,FALSE
LEADIN,Y,0.993,0.992,2.7,1.35,781.91,713.81,1047.66,500.94,2.7,2,100,Small Rutting,Small Rutting,54.4,53.72224579,-2.54848883,147.9,FALSE
LEADIN,Y,0.998,0.997,4.1,1.77,894.63,814.29,1950.38,714.31,4.1,2,100,Small Rutting,Small Rutting,54.4,53.72225946,-2.54841603,147.7,FALSE
LEADIN,Y,1.003,1.002,3.83,2.06,716.3,709.1,1664.01,721.08,3.83,2,100,Small Rutting,Small Rutting,54.4,53.72227338,-2.54834351,147.4,FALSE
LEADIN,Y,1.008,1.007,5.93,2.22,503.33,647.73,1347.89,781.28,5.93,2,100,Short Radius - Single Rut,Small Rutting,54.4,53.72228608,-2.54827017,147.1,FALSE
LEADIN,Y,1.013,1.012,1.66,1.51,314.75,487.81,243.84,439.71,1.96,1,60,Small Rutting,Small Rutting,54.4,53.72229869,-2.54819723,146.9,FALSE
LEADIN,Y,1.018,1.017,1.49,3.53,458.54,845.66,405.46,1776.8,3.53,1,100,Small Rutting,Small Rutting,54.6,53.72231123,-2.54812419,146.6,FALSE
LEADIN,Y,1.023,1.022,1.41,4.12,395.55,1045.83,277.27,2065.41,4.12,1,100,Small Rutting,Small Rutting,54.5,53.72232171,-2.54805047,146.4,FALSE
LEADIN,Y,1.028,1.027,1.88,3.91,645.35,891.17,673.84,1760.07,3.91,1,100,Small Rutting,Small Rutting,54.5,53.72233446,-2.54798129,146.3,FALSE
LEADIN,Y,1.033,1.032,3.11,4.59,571.29,887.41,715.29,2023.25,5.09,1,70,Small Rutting,Small Rutting,54.6,53.72234791,-2.54791035,146.1,FALSE
LEADIN,Y,1.038,1.037,1.28,5.26,470.53,1319.42,317.3,3131.93,5.26,1,100,Small Rutting,Large Radius,54.4,53.72236241,-2.54783992,145.9,FALSE
LEADIN,Y,1.043,1.042,1,1.65,446.08,637.65,254.83,549.06,1.66,1,90,Small Rutting,Small Rutting,54.3,53.72237778,-2.54776986,145.6,FALSE
LEADIN,Y,1.048,1.047,1.42,2.26,538.8,606.85,424.58,696.72,2.32,1,90,Small Rutting,Small Rutting,54.2,53.72239318,-2.54769898,145.4,FALSE
LEADIN,Y,1.053,1.052,3.73,2.12,519.62,603.42,1093.05,623.04,3.73,2,100,Small Rutting,Small Rutting,54,53.72240599,-2.5476324,145,FALSE
LEADIN,Y,1.058,1.057,2.17,2.02,573.56,596.76,675.04,636.86,2.42,1,50,Small Rutting,Small Rutting,54.1,53.72242182,-2.54756264,144.6,FALSE
LEADIN,Y,1.063,1.062,3.29,2.08,714.14,652.64,1185.65,817.16,3.38,2,90,Small Rutting,Small Rutting,54.1,53.72243706,-2.54749238,144.4,FALSE
LEADIN,Y,1.068,1.067,4.04,2.04,776.55,642.84,1567.05,691.46,4.04,2,100,Small Rutting,Small Rutting,54.1,53.72245129,-2.54742132,144.5,FALSE
1,Y,1.073,1.072,2.99,2.27,615.19,622.95,949.78,670.42,3.42,2,80,Small Rutting,Small Rutting,54.3,53.72246524,-2.54735125,144.6,FALSE
1,Y,1.078,1.077,3.12,4.6,659.29,905.93,1029.06,2067.2,4.72,1,80,Small Rutting,Small Rutting,54.5,53.72247876,-2.54728014,144.5,FALSE
1,Y,1.083,1.082,1.58,1.71,472.63,579.48,376.83,503.57,1.91,1,50,Small Rutting,Small Rutting,54.4,53.72249243,-2.54720852,144.1,FALSE
1,Y,1.088,1.087,1.37,1.19,680.35,587.91,524.92,368.79,1.46,2,70,Small Rutting,Small Rutting,54.4,53.72250611,-2.54713658,143.9,FALSE
1,Y,1.093,1.092,2.1,1.01,1173.69,487.23,1252.65,251.04,2.1,2,100,Small Rutting,Small Rutting,54.4,53.72251984,-2.54706431,143.6,FALSE
1,Y,1.098,1.097,3.72,0.75,1272.94,381.9,2199.19,132.33,3.72,2,100,Small Rutting,Small Rutting,54.6,53.7225326,-2.5469917,143.3,FALSE
1,Y,1.103,1.102,1.23,1.27,552.38,373.33,349.73,211.5,1.59,1,60,Small Rutting,Small Rutting,54.7,53.72254564,-2.54691965,143,FALSE
1,Y,1.108,1.107,2,3.2,1003.42,1198.94,1126.96,1943.75,3.24,1,90,Small Rutting,Small Rutting,54.8,53.72255866,-2.54684715,142.6,FALSE
1,Y,1.113,1.112,1.67,1.56,974.68,512.58,814.11,355.36,1.95,1,50,Small Rutting,Small Rutting,55,53.72257204,-2.54677519,142.3,FALSE
1,Y,1.118,1.117,1.43,2.03,605.92,1132.25,379.2,1322.3,2.34,1,90,Small Rutting,Small Rutting,55,53.72258549,-2.54670318,142,FALSE
1,Y,1.123,1.122,1.45,1.54,811.47,1005.89,579,794.52,1.78,1,60,Small Rutting,Small Rutting,55,53.72259855,-2.54663083,141.7,FALSE
1,Y,1.128,1.127,1.59,2.19,950.51,1236.6,763.33,1276.22,2.23,1,80,Small Rutting,Small Rutting,55,53.72261212,-2.54655907,141.3,FALSE
1,Y,1.133,1.132,1.52,1.32,560.39,826.78,369.59,602.39,1.68,2,60,Small Rutting,Small Rutting,55.1,53.72262603,-2.54648716,141,FALSE
1,Y,1.138,1.137,1.62,1.44,829.3,729.36,736.1,604.05,1.76,1,50,Small Rutting,Small Rutting,54.8,53.72263892,-2.5464152,140.7,FALSE
1,Y,1.143,1.142,1.03,2.29,356.82,1166.45,180.73,1319.58,2.34,1,90,Small Rutting,Small Rutting,54.8,53.72265242,-2.54634295,140.5,FALSE
1,Y,1.148,1.147,1.82,1.57,927.04,784.41,882.97,579.63,1.98,2,70,Small Rutting,Small Rutting,54.2,53.72266613,-2.54627123,140.3,FALSE
1,Y,1.153,1.152,2.77,8.02,1278.63,1459.86,1901.51,4785.7,8.02,1,100,Small Rutting,Large Radius,53.8,53.72268052,-2.54619972,140.3,FALSE
1,Y,1.158,1.157,2.19,2.06,947.32,869.47,959.58,960.6,2.41,2,60,Small Rutting,Small Rutting,53.8,53.7226937,-2.54612708,140.2,FALSE
1,Y,1.163,1.162,5.08,3.53,1139.7,880.68,3135.77,1413.92,5.67,2,70,Small Rutting,Small Rutting,53.6,53.72270741,-2.54605521,140.1,FALSE
1,Y,1.168,1.167,1.96,2.08,1044.84,1023.04,963.88,1123.31,2.26,1,50,Small Rutting,Small Rutting,53.7,53.72272071,-2.54598266,140,FALSE
1,Y,1.173,1.172,2.09,2.23,834.05,1261.24,852.68,1517.74,2.46,1,60,Small Rutting,Small Rutting,53.7,53.72273434,-2.54591052,140,FALSE
1,Y,1.178,1.177,2.38,2.52,496.24,1132.18,599.51,1508.31,3.07,1,50,Small Rutting,Small Rutting,53.9,53.72274785,-2.54583827,139.9,FALSE
1,Y,1.183,1.182,2.34,2.11,1129.05,1062.02,1351.97,1139.97,2.68,1,50,Small Rutting,Small Rutting,53.8,53.7227617,-2.54576598,139.9,FALSE
1,Y,1.188,1.187,2.74,2.56,1305.16,690.36,1959.59,831.51,3.26,2,60,Small Rutting,Small Rutting,53.9,53.72277529,-2.54569384,139.8,FALSE
1,Y,1.193,1.192,2.53,1.41,1177.83,622.87,1352.17,502.9,2.59,2,90,Small Rutting,Small Rutting,53.9,53.72278888,-2.54562171,139.7,FALSE
1,Y,1.198,1.197,1.99,1.65,785.71,743.91,725.71,575.64,2.01,2,80,Small Rutting,Small Rutting,53.5,53.72280225,-2.54554976,139.7,FALSE
1,Y,1.203,1.202,1.59,2.34,843.78,1125.91,659.53,1436.21,2.35,1,90,Small Rutting,Small Rutting,53.4,53.72281555,-2.5454777,139.7,FALSE
1,Y,1.208,1.207,2.49,2.69,1276.5,1160.25,1623.28,1630.4,2.82,1,70,Small Rutting,Small Rutting,53.3,53.72282895,-2.54540569,139.7,FALSE
1,Y,1.213,1.212,6.21,7.65,1512.14,1564.88,4762.05,6782.96,7.98,1,80,Large Radius,Large Radius,53,53.7228422,-2.54533261,139.9,FALSE
1,Y,1.218,1.217,3.89,5.44,1490.26,1726.4,3280.39,5219.5,5.44,1,100,Small Rutting,Large Radius,52.8,53.72285571,-2.54526117,140,FALSE
1,Y,1.223,1.222,5.59,5.79,1407.67,1591.98,4796.04,4970.7,5.89,1,80,Large Radius,Large Radius,52.8,53.7228703,-2.54518942,140.1,FALSE
1,Y,1.228,1.227,5.82,1.17,1337.89,424.61,3972,281.55,5.82,2,100,Large Radius,Small Rutting,52.8,53.72288451,-2.5451176,140.1,FALSE
1,Y,1.233,1.232,4.81,1.39,1371.11,388.91,3824.1,308.96,4.81,2,100,Small Rutting,Small Rutting,52.8,53.72289913,-2.54504628,140.2,FALSE
1,Y,1.238,1.237,4.66,1.27,1514.06,406.79,3512.42,255.96,4.66,2,100,Small Rutting,Small Rutting,52.8,53.72291421,-2.54497519,140.3,FALSE
1,Y,1.243,1.242,5.54,5.17,1319.13,1506.84,4136.45,4461.32,5.74,2,60,Large Radius,Large Radius,52.8,53.72292966,-2.54490433,140.3,FALSE
1,Y,1.248,1.247,3.21,6.89,1089.98,1402.35,2187.25,4853.68,6.89,1,100,Small Rutting,Large Radius,52.6,53.72294576,-2.54483366,140.4,FALSE
1,Y,1.253,1.252,2.3,3.6,927.98,1323.18,1344.58,2845.37,3.6,1,100,Small Rutting,Small Rutting,52.8,53.72296228,-2.54476344,140.4,FALSE
1,Y,1.258,1.257,1.62,5.08,739.2,1208.46,734.32,3938.73,5.09,1,90,Small Rutting,Small Rutting,52.5,53.72297908,-2.54469413,140.5,FALSE
1,Y,1.263,1.262,3.03,4.01,679.78,946.81,1153.54,1796.6,4.07,1,80,Small Rutting,Small Rutting,52.7,53.72299657,-2.54462528,140.7,FALSE
1,Y,1.268,1.267,2.6,2.93,697.57,906.1,1007.04,1388.27,3.39,1,50,Small Rutting,Small Rutting,52.7,53.72301401,-2.54455532,140.6,FALSE
1,Y,1.273,1.272,4.07,5.76,1004.03,1329.58,2180.46,3582.14,6,1,70,Small Rutting,Small Rutting,53,53.72303133,-2.54448483,140.6,FALSE
1,Y,1.278,1.277,5.94,4.58,1591.85,683.58,5501.2,1492.94,7.03,2,60,Large Radius,Small Rutting,53.1,53.72304852,-2.54441499,140.6,FALSE
1,Y,1.283,1.282,4.31,1.62,1112.89,623.19,2495.11,492.81,4.31,2,100,Small Rutting,Small Rutting,53.2,53.72306637,-2.54434527,140.6,FALSE
1,Y,1.288,1.287,3.53,2.27,1197.46,695.18,2507.67,784.3,3.53,2,100,Small Rutting,Small Rutting,53.4,53.72308412,-2.54427608,140.7,FALSE
1,Y,1.293,1.292,4.55,1.57,1598.09,448.56,3647.21,370.1,4.55,2,100,Small Rutting,Small Rutting,53.4,53.72310096,-2.54420601,140.7,FALSE
1,Y,1.298,1.297,4.81,1.7,1590.94,637.21,4459.4,606.6,4.81,2,100,Small Rutting,Small Rutting,53.5,53.7231179,-2.54413575,140.8,FALSE
1,Y,1.303,1.302,3.97,2.03,1633.41,799.16,3877.09,912.56,3.97,2,100,Small Rutting,Small Rutting,53.6,53.72313562,-2.54406629,140.8,FALSE
1,Y,1.308,1.307,4.35,1.76,1601.29,629.18,3980.94,555.03,4.35,2,100,Small Rutting,Small Rutting,53.5,53.72315296,-2.54399722,140.9,FALSE
1,Y,1.313,1.312,3.59,1.87,1314.26,621.59,2868.49,617.22,3.59,2,100,Small Rutting,Small Rutting,53.7,53.72317052,-2.54392794,141.1,FALSE
1,Y,1.318,1.317,4.47,2.13,1373.28,750.82,3427.84,827.24,4.54,2,80,Small Rutting,Small Rutting,53.6,53.72318785,-2.5438593,141.2,FALSE
1,Y,1.323,1.322,4.26,3.05,1250.9,1079.7,2555.85,1721.63,4.3,2,80,Small Rutting,Small Rutting,53.7,53.72320541,-2.54379091,141.3,FALSE
1,Y,1.328,1.327,3.67,3.91,1227.81,981.55,2338.07,1627.29,4.55,1,50,Small Rutting,Small Rutting,53.7,53.72322297,-2.54372251,141.4,FALSE
1,Y,1.333,1.332,3.08,2.9,959.53,952.38,1777.52,1580.04,3.9,1,60,Small Rutting,Small Rutting,53.9,53.72324053,-2.54365411,141.5,FALSE
1,Y,1.338,1.337,1.91,2.74,626.33,1004.66,606.04,1539.76,2.87,1,70,Small Rutting,Small Rutting,54.1,53.72325809,-2.54358571,141.6,FALSE
1,Y,1.343,1.342,1.93,2.76,715.28,982.04,710.05,1516.33,2.97,1,90,Small Rutting,Small Rutting,54.3,53.72327769,-2.54351704,141.7,FALSE
1,Y,1.348,1.347,2.35,3.28,991.19,1401.57,1176.47,2366.67,3.28,1,100,Small Rutting,Small Rutting,54.4,53.72329522,-2.54344734,141.7,FALSE
1,Y,1.353,1.352,3.38,2.81,950.08,756.02,2008.02,1187.13,3.69,2,60,Small Rutting,Small Rutting,54.6,53.72331381,-2.54337844,141.8,FALSE
1,Y,1.358,1.357,4.34,2.48,1263.26,453.57,3341.65,664.41,4.69,2,70,Small Rutting,Small Rutting,54.7,53.72333339,-2.5433111,142.2,FALSE
1,Y,1.363,1.362,5.42,1.79,1489.11,581.42,4404.45,564.82,5.42,2,100,Short Radius - Single Rut,Small Rutting,54.9,53.72335194,-2.54324431,142.6,FALSE
1,Y,1.368,1.367,4.72,1.64,1474.24,516.57,4058.33,428.71,4.72,2,100,Small Rutting,Small Rutting,55,53.72337028,-2.54317644,142.9,FALSE
1,Y,1.373,1.372,4.6,2.87,1515.42,869.82,4529.15,1370.27,4.6,2,100,Small Rutting,Small Rutting,55,53.72338896,-2.54310825,143.1,FALSE
1,Y,1.378,1.377,3.42,1.92,1278.74,617.66,2447.62,602.52,3.42,2,100,Small Rutting,Small Rutting,55.1,53.72340726,-2.54304176,143.5,FALSE
1,Y,1.383,1.382,2.11,1.56,781.54,441.03,859.57,373.09,2.14,2,80,Small Rutting,Small Rutting,55,53.72342683,-2.54297448,143.6,FALSE
1,Y,1.388,1.387,4.86,1.37,1028.34,430.09,2372.32,355.05,4.86,2,100,Small Rutting,Small Rutting,55,53.72344669,-2.54290694,143.9,FALSE
1,Y,1.393,1.392,1.95,6.9,584.43,1955.91,644.26,7995.91,6.9,1,100,Small Rutting,Large Radius,54.8,53.72346706,-2.54284042,144.2,FALSE
1,Y,1.398,1.397,4,4.98,1398.63,1920.65,3198.29,5507.94,5.1,1,80,Small Rutting,Small Rutting,54.6,53.72348735,-2.54277317,144.4,FALSE
1,Y,1.403,1.402,6.65,10.14,1620.15,1856.04,5309.87,9338.37,10.16,1,90,Short Radius - Single Rut,Large Radius,54.7,53.72350878,-2.5427052,144.5,FALSE
1,Y,1.408,1.407,4.81,9.49,1280.67,1896.96,2800.86,9959.19,9.49,1,100,Small Rutting,Large Radius,54.8,53.72353049,-2.5426392,144.6,FALSE
1,Y,1.413,1.412,5.6,8.03,1375.8,1900.97,4231.59,8460.43,8.23,1,90,Small Rutting,Large Radius,55,53.7235528,-2.54257362,144.8,FALSE
1,Y,1.418,1.417,3.44,7.72,1325.8,1732.35,2572.06,7860.59,7.72,1,100,Small Rutting,Large Radius,55.4,53.72357554,-2.54250844,144.9,FALSE
1,Y,1.423,1.422,4.59,8.13,1274.52,1713.17,3141.78,8732.63,8.13,1,100,Small Rutting,Large Radius,55.6,53.72359987,-2.5424461,145,FALSE
1,Y,1.428,1.427,3.99,7.35,1539.14,1665.66,3407.29,6765.76,7.35,1,100,Small Rutting,Large Radius,55.6,53.72362533,-2.54238605,144.9,FALSE
1,Y,1.433,1.432,14.69,6.23,1815.07,1563.11,13489.33,5339.38,14.69,2,100,Large Radius,Large Radius,55.7,53.72364988,-2.54232201,145,FALSE
1,Y,1.438,1.437,4.47,6.48,1668.13,1576.02,4013.51,6680.02,6.48,1,100,Small Rutting,Large Radius,55.6,53.72367394,-2.54226301,145.6,FALSE
1,Y,1.443,1.442,4.47,8.04,1335.58,1715.97,3114.05,7417.55,8.04,1,100,Small Rutting,Large Radius,55.6,53.7236993,-2.54220216,145.9,FALSE
1,Y,1.448,1.447,5.6,5.84,1587,1512.06,4589.69,5168.8,6.15,1,60,Small Rutting,Large Radius,55.6,53.72372678,-2.54214425,146.1,FALSE
1,Y,1.453,1.452,5.18,9.25,1386.39,1534.65,4000.27,7983.49,9.25,1,100,Small Rutting,Large Radius,55.6,53.72375289,-2.54208355,146.1,FALSE
1,Y,1.458,1.457,2.17,3.55,670.95,1466.72,790.03,3002.1,3.57,1,90,Small Rutting,Small Rutting,56,53.7237808,-2.54202621,146.2,FALSE
1,Y,1.463,1.462,3.31,3.41,825.75,782.86,1350.4,1154.03,3.88,1,60,Small Rutting,Small Rutting,56,53.72380977,-2.54196993,146.3,FALSE
1,Y,1.468,1.467,3.19,2.93,800.54,834.65,1277.19,1191.99,3.53,2,60,Small Rutting,Small Rutting,56.5,53.72383991,-2.54191463,146.5,FALSE
1,Y,1.473,1.472,3,2.7,1190.07,1063.94,1789.25,1485.55,3.16,2,60,Small Rutting,Small Rutting,56.5,53.72387082,-2.54186026,146.6,FALSE
1,Y,1.478,1.477,3.8,2.7,1472.67,1057.78,3171.94,1507.36,3.8,2,100,Small Rutting,Small Rutting,56.8,53.72390087,-2.54180491,146.8,FALSE
1,Y,1.483,1.482,3.03,3.64,1372.27,1651.4,2589.76,3649.86,3.69,1,80,Small Rutting,Small Rutting,56.9,53.72393232,-2.54175329,146.9,FALSE
1,Y,1.488,1.487,3.45,6.47,1271.92,1550.68,2276.19,4791.08,6.47,1,100,Small Rutting,Large Radius,57,53.72396462,-2.54170228,147.1,FALSE
1,Y,1.493,1.492,6.49,4.95,1644.7,1520.5,5768.3,4623.87,6.5,2,90,Large Radius,Large Radius,57.1,53.72399704,-2.54165207,147.3,FALSE
1,Y,1.498,1.497,3.56,3,1294.75,1238.26,2554.56,1815.42,3.77,1,50,Small Rutting,Small Rutting,57,53.72403028,-2.54160269,147.5,FALSE
1,Y,1.503,1.502,3.76,5.46,1536.8,1586.25,2970.22,4186.2,5.46,1,90,Small Rutting,Short Radius - Single Rut,57,53.72406455,-2.54155548,147.6,FALSE
1,Y,1.508,1.507,3.31,5.73,1404,1549.14,2276.74,5310.29,5.76,1,90,Small Rutting,Small Rutting,56.8,53.72409991,-2.54151057,147.6,FALSE
1,Y,1.513,1.512,6.75,5.69,1297.94,1277.85,4676.67,3781.37,6.81,2,80,Large Radius,Large Radius,56.8,53.72413615,-2.54146845,147.8,FALSE
1,Y,1.518,1.517,3.94,8.96,1153.79,1354.01,2670.76,6086.59,8.96,1,100,Small Rutting,Short Radius - Single Rut,56.6,53.72417365,-2.54143017,147.9,FALSE
1,Y,1.523,1.522,3.56,11.1,1071.3,1636.65,2106.97,9454.12,11.1,1,100,Small Rutting,Short Radius - Single Rut,56.4,53.72421255,-2.5413957,148,FALSE
1,Y,1.528,1.527,5.58,9.68,1131.49,1190.89,3917.31,5472.13,9.68,1,100,Small Rutting,Short Radius - Single Rut,56.4,53.72425263,-2.54136511,148.1,FALSE
1,Y,1.533,1.532,4.44,6.68,668.2,1509.49,1568.17,4250.36,6.75,1,90,Small Rutting,Short Radius - Single Rut,56.5,53.72429427,-2.54133736,148.2,FALSE
1,Y,1.538,1.537,2.05,7.55,572.03,1766.3,628.01,8023.76,7.55,1,100,Small Rutting,Large Radius,56.7,53.72433628,-2.54131566,148.3,FALSE
1,Y,1.543,1.542,1.92,7.77,678.58,1854.47,686.1,6820.63,7.77,1,100,Small Rutting,Short Radius - Single Rut,56.8,53.72437889,-2.54129759,148.5,FALSE
1,Y,1.548,1.547,3.29,4.24,726.77,1021.16,1287.3,1902.68,4.46,1,70,Small Rutting,Small Rutting,57,53.72442217,-2.54128302,148.7,FALSE
1,Y,1.553,1.552,3.07,5.15,1093.69,997.05,1941.64,2299.04,5.15,1,100,Small Rutting,Small Rutting,57,53.72446606,-2.5412718,148.9,FALSE
1,Y,1.558,1.557,2.55,3.81,1011.58,968.02,1391.54,1843.49,3.85,1,90,Small Rutting,Small Rutting,57,53.72451025,-2.54126184,149.1,FALSE
1,Y,1.563,1.562,4,2.9,1158.19,1106.24,2761.9,1794.79,4,2,100,Small Rutting,Small Rutting,56.9,53.72455458,-2.54125274,149.4,FALSE
1,Y,1.568,1.567,5.07,1.99,1539.74,812.96,4617.86,784.1,5.07,2,100,Small Rutting,Small Rutting,56.8,53.724599,-2.54124475,149.6,FALSE
1,Y,1.573,1.572,4.12,1.58,1541.35,574.1,3768.54,472.8,4.12,2,100,Small Rutting,Small Rutting,56.5,53.72464342,-2.54123675,149.8,FALSE
1,Y,1.578,1.577,4.64,1.95,1349,867.94,3657.65,804.07,4.64,2,100,Small Rutting,Small Rutting,56.5,53.72468731,-2.5412346,150.1,FALSE
1,Y,1.583,1.582,4.13,1.81,1356.96,770.92,2801.68,846.53,4.18,2,90,Small Rutting,Small Rutting,56.3,53.72473212,-2.54122638,150.5,FALSE
1,Y,1.588,1.587,4.99,1.74,1344.85,507.34,3918.19,434.59,4.99,2,100,Small Rutting,Small Rutting,55.8,53.72477676,-2.54121733,149.9,FALSE
1,Y,1.593,1.592,4.24,2.78,1206.42,932.24,2419.07,1454.79,4.36,2,80,Small Rutting,Small Rutting,55.4,53.72482135,-2.54120866,150.2,FALSE
1,Y,1.598,1.597,5.53,2.34,1255.34,1073.6,3080.9,1244.64,5.53,2,100,Short Radius - Single Rut,Small Rutting,54.8,53.72486629,-2.5411984,150.4,FALSE
1,Y,1.603,1.602,6.47,1.9,1332.83,1036.65,4205.59,951.43,6.47,2,100,Large Radius,Small Rutting,54.1,53.72491073,-2.54118713,150.6,FALSE
1,Y,1.608,1.607,7.36,1.93,1321.39,1104.9,4451,1105.88,7.36,2,100,Short Radius - Single Rut,Small Rutting,53.3,53.72495504,-2.54117197,150.9,FALSE
1,Y,1.613,1.612,3.55,2.71,940.43,1251.59,1605.61,1843,3.78,2,70,Small Rutting,Small Rutting,52.1,53.72499763,-2.54115423,151.3,FALSE
1,Y,1.618,1.617,4.33,3.24,1189.47,1339.9,2937.23,2440.69,4.42,2,80,Small Rutting,Small Rutting,50.7,53.72504037,-2.54113459,151.6,FALSE
1,Y,1.623,1.622,2.81,3.72,665.87,1465.65,897.05,3019.34,3.76,1,80,Small Rutting,Small Rutting,49.4,53.72508274,-2.54111287,151.9,FALSE
1,Y,1.628,1.627,4.54,5.03,1174.42,1334,3145.16,2729.46,5.58,1,60,Small Rutting,Small Rutting,48.1,53.72512483,-2.54108861,152.2,FALSE
1,Y,1.633,1.632,6.45,8.18,1472.66,1942.82,4866.03,9680.48,8.21,1,90,Large Radius,Short Radius - Single Rut,46.7,53.72516621,-2.54106117,152.6,FALSE
1,Y,1.638,1.637,6.64,8.08,1472.59,1878.62,5114.28,7932.67,8.5,1,70,Large Radius,Large Radius,45.4,53.72521007,-2.54102764,153.1,FALSE
1,Y,1.643,1.642,4.88,12.95,1549.27,1925.18,3459.83,11779.76,12.95,1,100,Small Rutting,Large Radius,44,53.72525295,-2.54099503,153.4,FALSE
1,Y,1.648,1.647,5.15,14.67,1477.39,1900.96,3627.99,15078.28,14.67,1,100,Large Radius,Large Radius,42.8,53.72529343,-2.54096014,153.7,FALSE
1,Y,1.653,1.652,3.52,11.49,1115,1408.24,1959.61,9152.14,11.49,1,100,Small Rutting,Large Radius,41.5,53.72533447,-2.54092667,154,FALSE
1,Y,1.658,1.657,3.3,1.99,1234.89,684.47,2102.61,775.93,3.3,2,100,Small Rutting,Small Rutting,40.4,53.72537468,-2.54088945,154.2,FALSE
1,Y,1.663,1.662,3.17,1.86,1157.93,722.34,1941.84,727.18,3.17,2,100,Small Rutting,Small Rutting,39.9,53.72541318,-2.54085548,154.2,FALSE
1,Y,1.668,1.667,3.93,3.52,1229.77,945.54,2662.4,1678.67,4.25,1,50,Small Rutting,Small Rutting,39.5,53.72545203,-2.54081893,154.2,FALSE
1,Y,1.673,1.672,2.55,7.09,900.41,1696.37,1311.27,5626.65,7.09,1,100,Small Rutting,Large Radius,39.2,53.72549139,-2.54078373,154.2,FALSE
1,Y,1.678,1.677,3.39,3,1103.29,1367.09,1744.03,1899.23,3.69,1,50,Small Rutting,Small Rutting,38.9,53.72552931,-2.54074457,154.2,FALSE
1,Y,1.683,1.682,5.71,2.66,1527.16,1204.99,5349.08,1495.86,5.71,2,100,Large Radius,Small Rutting,38.7,53.72556719,-2.54070421,154.2,FALSE
1,Y,1.688,1.687,5.39,3.19,1595.29,1260.7,4671.67,1810.86,5.45,2,90,Large Radius,Small Rutting,38.5,53.72560555,-2.54066467,154.2,FALSE
1,Y,1.693,1.692,3.94,1.14,1463.6,533.77,2791.42,329.2,3.94,2,100,Small Rutting,Small Rutting,38.3,53.72564338,-2.54062386,154.1,FALSE
1,Y,1.698,1.697,4.01,1.77,1395.81,1035.58,3044.55,1051.77,4.01,2,100,Small Rutting,Small Rutting,38.2,53.72568142,-2.54058275,154.2,FALSE
1,Y,1.703,1.702,4.49,2.95,1311.83,981.24,2963.66,1361.03,4.49,2,90,Small Rutting,Small Rutting,38.2,53.72571915,-2.54054164,154.1,FALSE
1,Y,1.708,1.707,6.46,3.65,1029.45,1031.7,3111.11,2187.12,6.95,1,50,Small Rutting,Small Rutting,38.4,53.72575645,-2.54049971,154.2,FALSE
1,Y,1.713,1.712,1.5,10.81,568.72,1408.57,452.17,8841.74,10.81,1,100,Small Rutting,Short Radius - Single Rut,38.6,53.72579358,-2.54045666,154.3,FALSE
1,Y,1.718,1.717,1.66,2.57,638.69,793.35,530.16,1023.6,2.69,1,60,Small Rutting,Small Rutting,39.3,53.72583003,-2.54041168,154.3,FALSE
1,Y,1.723,1.722,2.28,4.38,650.63,613.97,772.79,1114.82,4.49,1,90,Small Rutting,Small Rutting,39.5,53.72586578,-2.54036542,154.4,FALSE
1,Y,1.728,1.727,1.62,8.41,614.23,1216.91,591.02,4143.82,8.41,1,100,Small Rutting,Short Radius - Single Rut,39.2,53.72590044,-2.54031658,154.3,FALSE
1,Y,1.733,1.732,1.99,3.72,469.53,721.96,481.34,1104.44,4.08,1,70,Small Rutting,Small Rutting,38.9,53.7259346,-2.54026752,154.6,FALSE
1,Y,1.738,1.737,2.14,12.88,406.98,1052.74,446.23,5694.27,12.88,1,100,Small Rutting,Short Radius - Single Rut,38.6,53.7259681,-2.54021492,154.8,FALSE
1,Y,1.743,1.742,2.01,1.54,562.15,440.99,520.42,310.48,2.23,2,70,Small Rutting,Small Rutting,38.2,53.72600022,-2.54016234,155,FALSE
1,Y,1.748,1.747,2.94,2.22,853.38,807.85,1418.16,928.55,3.2,2,60,Small Rutting,Small Rutting,37.5,53.72603305,-2.54011022,155.3,FALSE
1,Y,1.753,1.752,2.39,10.75,782.11,1296.47,1021.5,4537.6,10.75,1,100,Small Rutting,Short Radius - Single Rut,36.7,53.72606527,-2.54005614,155.6,FALSE
1,Y,1.758,1.757,3.37,2.94,966.65,997.1,1563.56,1456.26,3.79,2,70,Small Rutting,Small Rutting,35,53.72609704,-2.54000049,155.8,FALSE
1,Y,1.763,1.762,5.28,4.45,1029.78,1373.97,3456.72,3784.86,5.28,2,100,Large Radius,Small Rutting,31.6,53.72612742,-2.53994346,156,FALSE
1,Y,1.768,1.767,8.47,5.33,1362.19,1751.1,6725.25,5516.69,8.47,2,100,Large Radius,Large Radius,27.2,53.72615677,-2.53988466,156.5,FALSE
1,Y,1.773,1.772,9.46,5.68,1391.94,1627.92,6635.9,5223.16,9.46,2,100,Large Radius,Small Rutting,23.6,53.72618507,-2.53982485,156.7,FALSE
1,Y,1.778,1.777,13.39,7.9,1592.22,1111.79,10392.4,3321.41,14.91,2,80,Large Radius,Small Rutting,21.2,53.72621241,-2.5397664,157.1,FALSE
1,Y,1.783,1.782,20.96,1.97,1635.86,586.11,16392.23,639.47,20.96,2,100,Large Radius,Small Rutting,20.2,53.72623813,-2.53970555,157.6,FALSE
1,Y,1.788,1.787,15.37,2.97,1350.01,860.94,10209.66,1210.92,15.37,2,100,Large Radius,Small Rutting,20,53.72626619,-2.53964842,157.9,FALSE
1,Y,1.793,1.792,10.24,5.77,1103.11,1139.64,5976.98,3135.5,10.82,2,70,Large Radius,Small Rutting,20.7,53.72629004,-2.53958158,158.3,FALSE
1,Y,1.798,1.797,14.1,6.05,1269.73,1128.86,8264.83,3804.81,14.1,2,100,Short Radius - Single Rut,Large Radius,19.8,53.72631424,-2.53951357,158.5,FALSE
1,Y,1.803,1.802,13.9,16.44,1266.56,1470.68,6231.29,10717.29,16.73,1,80,Short Radius - Single Rut,Large Radius,18.4,53.72633461,-2.53944372,158.9,FALSE
1,Y,1.808,1.807,3.1,12.96,714.36,1593.21,1187.75,9668.9,12.96,1,100,Small Rutting,Short Radius - Single Rut,17.9,53.72634514,-2.53936117,159.1,FALSE
1,Y,1.813,1.812,8.27,14.09,1225.48,1456.7,4594.2,10857.03,15.05,1,80,Short Radius - Single Rut,Short Radius - Single Rut,19.7,53.72633323,-2.5392736,159.2,FALSE
1,Y,1.818,1.817,4.82,2.16,1295.2,831.09,3378.97,1070.23,4.84,2,90,Small Rutting,Small Rutting,23.4,53.72629963,-2.53920331,159.3,FALSE
1,Y,1.823,1.822,4.23,2.5,1057.26,752.16,2133.02,928.5,4.33,2,80,Small Rutting,Small Rutting,25.2,53.72625381,-2.53916219,159.6,FALSE
1,Y,1.828,1.827,8.74,4.84,1134.88,1319.77,4439.29,3063.23,8.74,2,100,Short Radius - Single Rut,Small Rutting,25.9,53.72620641,-2.53914101,159.7,FALSE
1,Y,1.833,1.832,6.42,4.23,734.66,785.96,2116.38,1336.13,7.31,2,60,Small Rutting,Small Rutting,26.5,53.72616043,-2.53912724,159.8,FALSE
1,Y,1.838,1.837,7.02,3.22,1531.04,1592.33,5170.54,2669.84,7.02,2,100,Large Radius,Small Rutting,26.8,53.7261151,-2.53911623,159.8,FALSE
1,Y,1.843,1.842,6.79,3.06,1519.28,1297.85,5351.22,2102.37,6.79,2,100,Large Radius,Small Rutting,26.6,53.72607018,-2.53910625,159.9,FALSE
1,Y,1.848,1.847,5.15,1.48,1492.66,787,4316.14,669.41,5.15,2,100,Small Rutting,Small Rutting,25.8,53.72602519,-2.53909685,160,FALSE
1,Y,1.853,1.852,6.17,1.39,1435.59,682.32,4935.71,492.46,6.17,2,100,Large Radius,Small Rutting,24,53.72598011,-2.53908836,160.2,FALSE
1,Y,1.858,1.857,5.06,1.9,1392.67,796.62,3793.13,796.99,5.06,2,100,Small Rutting,Small Rutting,22.1,53.72593497,-2.53908022,160.3,FALSE
1,Y,1.863,1.862,5.35,2.85,1197.27,1252.04,3258.25,1553.76,5.35,2,100,Large Radius,Small Rutting,21,53.72589036,-2.53907154,160.3,FALSE
1,Y,1.868,1.867,4.55,3.94,1321.83,1235.85,3126.51,2746.17,5.92,2,70,Small Rutting,Small Rutting,21.1,53.72584551,-2.5390636,160.4,FALSE
1,Y,1.873,1.872,2.91,2.51,1142.1,1181.05,1534.9,1617,3.05,2,70,Small Rutting,Small Rutting,21.8,53.72580067,-2.53905543,160.4,FALSE
1,Y,1.878,1.877,2.48,2.1,818.83,943.69,957.89,1096.65,2.66,2,60,Small Rutting,Small Rutting,23.1,53.72575566,-2.53904849,160.5,FALSE
1,Y,1.883,1.882,2.29,2.51,482.06,1166.74,495.24,1546.02,2.88,1,70,Small Rutting,Small Rutting,24.4,53.72571045,-2.53904452,160.5,FALSE
1,Y,1.888,1.887,1.99,3.22,519.25,1236.35,569.4,2017.32,3.22,1,100,Small Rutting,Small Rutting,25.5,53.72566533,-2.53904305,160.6,FALSE
1,Y,1.893,1.892,3.28,2.27,734.65,693.59,1009.47,743.5,3.43,2,70,Small Rutting,Small Rutting,26.5,53.72562067,-2.53904191,160.6,FALSE
1,Y,1.898,1.897,2.86,1.77,645.02,457.46,911.49,409.22,2.9,2,70,Small Rutting,Small Rutting,27.4,53.72557671,-2.53903847,160.7,FALSE
1,Y,1.903,1.902,2.01,2.24,717.96,453.62,696.19,517.28,2.74,1,50,Small Rutting,Small Rutting,28.2,53.72553329,-2.53902994,160.7,FALSE
1,Y,1.908,1.907,2.16,2.22,341.13,983.09,370,1183.15,2.46,2,70,Small Rutting,Small Rutting,28.8,53.72549021,-2.53901713,160.8,FALSE
1,Y,1.913,1.912,2.48,1.82,720.94,1064.41,841.08,999.91,2.59,2,90,Small Rutting,Small Rutting,29.7,53.72544743,-2.53900046,160.9,FALSE
1,Y,1.918,1.917,1.3,2.64,529.19,1576.11,393.22,2084.67,2.65,1,90,Small Rutting,Small Rutting,30.6,53.72540316,-2.53898538,161,FALSE
1,Y,1.923,1.922,1.59,3.06,574.24,1433.27,503.36,2053.09,3.1,1,90,Small Rutting,Small Rutting,31.6,53.72535854,-2.53897361,161,FALSE
1,Y,1.928,1.927,1.79,3.16,672.32,1584.16,649.81,2371.18,3.16,1,100,Small Rutting,Small Rutting,32.4,53.72531408,-2.53896281,161.1,FALSE
1,Y,1.933,1.932,2.39,1.9,1011.31,1004.74,1271.3,865.34,2.63,2,70,Small Rutting,Small Rutting,32.9,53.72527007,-2.53895146,161.2,FALSE
1,Y,1.938,1.937,2.57,2.09,1328.2,1014.17,1789.77,1155.27,2.74,2,70,Small Rutting,Small Rutting,32.4,53.72522695,-2.53893772,161.3,FALSE
1,Y,1.943,1.942,2.53,1.89,1155.83,792.65,1550.09,708.14,2.65,2,80,Small Rutting,Small Rutting,32.6,53.7251834,-2.53892093,161.4,FALSE
1,Y,1.948,1.947,3.82,2.32,1448.03,1046.49,2606.13,1236.01,3.82,2,100,Small Rutting,Small Rutting,33.6,53.72513964,-2.53890391,161.5,FALSE
1,Y,1.953,1.952,4.6,1.55,1517.34,765.49,3304.99,659.72,4.6,2,100,Small Rutting,Small Rutting,34.2,53.7250963,-2.53888625,161.5,FALSE
1,Y,1.958,1.957,4.22,1.31,1523.29,562.67,3248.32,326.46,4.22,2,100,Small Rutting,Small Rutting,34.9,53.72505323,-2.53886778,161.6,FALSE
1,Y,1.963,1.962,3.51,1.93,1388.7,820.09,2310.23,797.75,3.51,2,100,Small Rutting,Small Rutting,35.5,53.72501058,-2.53884746,161.7,FALSE
1,Y,1.968,1.967,3.37,2.05,1439.36,882.48,2728.82,1198.5,3.38,2,90,Small Rutting,Small Rutting,36,53.72496828,-2.53882554,161.7,FALSE
1,Y,1.973,1.972,1.31,6.48,590.44,702.84,418.19,1993.39,6.48,1,100,Small Rutting,Short Radius - Single Rut,36.6,53.72492624,-2.53880176,161.8,FALSE
1,Y,1.978,1.977,2.94,2.12,1047.64,1222.6,1696.46,1373.81,3.02,2,80,Small Rutting,Small Rutting,37.2,53.72488436,-2.53877675,161.9,FALSE
